Stations_id,von_datum,bis_datum,Stationshoehe,geoBreite,geoLaenge,Stationsname,Bundesland
20,20040812,20240422,432,48.9219,9.9129,gmünd-Untergröningen,Baden-Württemberg
44,20070208,20240422,44,52.9336,8.237,enkneten,Niedersachsen
53,20050831,20240422,60,52.585,13.5634,nsfelde,Brandenburg
73,20070213,20240422,374,48.6183,13.062,rsbach-Kramersepp,Bayern
78,20041010,20240422,64,52.4853,7.9125,ausen,Niedersachsen
87,20041019,20240422,158,51.095,11.0479,rstedt,Thüringen
91,20020819,20240422,304,50.7446,9.345,eld-Eifa,Hessen
96,20190409,20240422,50,52.9437,12.8518,uppin-Alt Ruppin,Brandenburg
103,20021219,20240422,364,48.896,12.217,lstadt,Bayern
118,20030226,20240422,388,49.4053,12.2852,ndorf,Bayern
124,20060820,20240422,265,51.2388,11.577,"a, Bad-Altenroda",Sachsen-Anhalt
130,20040914,20240422,301,49.7284,9.7692,rtheim-Oberaltertheim,Bayern
131,20040907,20240422,296,51.0881,12.9326,ngswalde-Altgeringswalde,Sachsen
142,20051025,20240422,511,48.406,11.3117,münster-Maisbrunn,Bayern
150,20040905,20240415,215,49.7273,8.1164,y,Rheinland-Pfalz
151,20041123,20240422,382,49.4691,11.8546,rg-Unterammersricht,Bayern
154,20050112,20240422,516,48.0197,12.2925,ang-Pfaffing,Bayern
158,20020528,20240422,210,50.784,8.9545,eburg-Rüdigheim,Hessen
161,20110830,20240422,75,50.4237,7.4202,rnach,Rheinland-Pfalz
164,19911031,20240422,54,53.0316,13.9908,rmünde,Brandenburg
167,20040531,20240422,11,53.8409,13.6854,am,Mecklenburg-Vorpommern
183,19911101,20240422,42,54.6791,13.4344,na,Mecklenburg-Vorpommern
191,20041103,20240422,217,49.9694,9.9114,tein-Müdesheim,Bayern
194,20041017,20240422,265,51.3431,9.0763,"sen-Landau, Bad",Hessen
198,19911107,20240422,164,51.3744,11.292,rn,Thüringen
200,20020924,20240422,517,50.085,6.3161,erath-Scheidchen,Rheinland-Pfalz
205,20021113,20240422,681,47.7275,12.2982,au-Stein,Bayern
211,20040901,20240422,200,50.58,8.4685,r Klein-Altenstädten,Hessen
213,20070321,20240422,170,51.9375,10.9897,stedt,Sachsen-Anhalt
216,20040817,20240422,298,51.1143,7.8807,ndorn-Neulisternohl,Nordrhein-Westfalen
217,20041116,20240422,670,47.8774,11.3643,nkam,Bayern
222,19911101,20240422,393,50.5908,12.7139,,Sachsen
227,20021009,20240422,432,49.8823,11.2656,eß-Hochstahl,Bayern
232,19961107,20240422,462,48.4253,10.9417,burg,Bayern
240,20020909,20240422,293,50.1805,9.5743,im Sinngrund,Bayern
257,20020908,20240422,240,48.727,8.2457,n-Baden-Geroldsau,Baden-Württemberg
259,20030324,20240422,275,47.8064,7.6387,heim,Baden-Württemberg
269,20060522,20240422,599,48.5116,8.3176,rsbronn-Mitteltal,Baden-Württemberg
275,20030506,20240422,1039,47.465,10.1043,erschwang,Bayern
279,20060818,20240422,457,48.7574,9.4514,mannsweiler-Hohengehren,Baden-Württemberg
282,19950531,20240422,240,49.8743,10.9206,erg,Bayern
287,20080416,20240422,53,51.961,11.9159,ernienburg-Ronney,Sachsen-Anhalt
292,20051114,20240422,37,52.6965,8.487,storf,Niedersachsen
294,20040422,20240422,110,52.3199,9.43,inghausen-Hohenbostel,Niedersachsen
298,19911031,20240422,3,54.3405,12.7108,h,Mecklenburg-Vorpommern
301,20060101,20240422,659,48.7584,9.9855,holomä,Baden-Württemberg
303,19930901,20240422,55,52.0613,13.4997,th,Brandenburg
310,20020704,20240422,590,51.0662,8.5375,enberg-Hof Karlsburg,Hessen
312,20070326,20240422,51,53.8149,11.8818,garten,Mecklenburg-Vorpommern
314,20030713,20240422,234,51.1604,14.5042,"chütz, Kr. Bautzen",Sachsen
316,20021007,20240422,310,49.6957,7.8387,rfeld-Steckweiler -Schmalfelderhof,Rheinland-Pfalz
320,20060510,20240422,350,49.9666,11.5198,ersreuth-Vollhof,Bayern
330,20040608,20240422,455,49.5617,8.9673,zent-Beerfelden,Hessen
336,20021106,20240422,290,51.0221,10.5148,elberg-Hainich-Behringen,Thüringen
342,20101130,20240422,103,52.317,8.1694,,Niedersachsen
357,20050719,20240422,50,52.3018,7.1301,"heim, Bad",Niedersachsen
359,20021219,20240422,464,49.1022,11.796,tzhausen,Bayern
360,20021112,20240422,403,49.1116,11.4329,hing,Bayern
377,20030313,20240422,210,49.107,7.9967,"zabern, Bad",Rheinland-Pfalz
378,20050313,20240422,134,51.6842,10.1078,a,Niedersachsen
379,20170807,20240422,304,50.9075,11.2665,"a, Bad (Flugplatz)",Thüringen
389,20090930,20240422,436,51.0148,8.4318,"eburg, Bad-Arfeld",Nordrhein-Westfalen
390,20030122,20240422,610,50.9837,8.3683,"eburg, Bad-Stünzel",Nordrhein-Westfalen
399,19911031,20110730,36,52.5198,13.4057,in-Alexanderplatz,Berlin
400,20030609,20240422,60,52.631,13.5021,in-Buch,Berlin
427,19911031,20240422,46,52.3807,13.5306,in Brandenburg,Brandenburg
433,19950101,20240422,48,52.4676,13.402,in-Tempelhof,Berlin
445,20030527,20240422,85,51.8218,11.711,burg/Saale (Nord),Sachsen-Anhalt
460,19930930,20240422,362,49.2641,6.6868,s,Saarland
479,20040929,20240422,138,50.2435,9.2892,tersbach,Hessen
498,20060720,20240422,763,47.7452,8.3111,ngen-Birkendorf,Baden-Württemberg
504,20070513,20240422,79,51.7982,13.9716,enau/Spreewald-Bischdorf,Brandenburg
535,20030423,20240422,417,50.0372,7.3079,kenrath,Rheinland-Pfalz
542,20041006,20240422,12,53.2401,10.8522,kede-Walmsburg,Niedersachsen
550,20020514,20240422,344,50.9041,11.7985,ck,Thüringen
551,20060921,20240422,519,50.3887,11.9955,chlitz-Heinersgrün,Sachsen
554,19940525,20240422,23,51.8293,6.5365,olt-Liedern (Wasserwerk),Nordrhein-Westfalen
555,20071105,20240422,110,51.5026,7.2289,um,Nordrhein-Westfalen
561,20050831,20240422,11,53.367,7.9679,horn-Grabstede,Niedersachsen
567,20090722,20240422,260,51.6957,9.5135,nfelde-Amelith,Niedersachsen
583,20071023,20080616,585,49.7067,7.0973,ink-Thranenweier,Rheinland-Pfalz
589,20020903,20240422,343,48.8846,12.7453,n-Pfelling,Bayern
591,19911031,20240422,45,53.3911,10.6878,enburg,Mecklenburg-Vorpommern
596,19911106,20240422,15,54.0027,11.1908,enhagen,Mecklenburg-Vorpommern
603,20071024,20240422,147,50.7293,7.204,gswinter-Heiderhof,Nordrhein-Westfalen
604,20060101,20240421,875,47.8194,8.3348,dorf/Schwarzwald,Baden-Württemberg
613,20040819,20240422,206,51.5677,9.2324,entreich,Nordrhein-Westfalen
617,20030122,20240422,47,51.873,6.8863,en in Westfalen,Nordrhein-Westfalen
622,20060425,20240422,66,52.3745,11.4655,heide-Born,Sachsen-Anhalt
630,20060420,20240422,87,52.0193,11.4059,leben-Börde / Klein Germersleben,Sachsen-Anhalt
633,20021127,20240422,126,51.4041,14.5681,erg,Sachsen
644,20041203,20240422,150,51.7049,9.1738,el,Nordrhein-Westfalen
653,20021113,20240422,483,47.7241,12.1092,nenburg-Degerndorf,Bayern
656,19910808,20240422,607,51.7234,10.6021,nlage,Niedersachsen
662,19970701,20240422,81,52.2915,10.4464,nschweig,Niedersachsen
684,20050608,20240422,1000,47.9385,8.0761,tnau,Baden-Württemberg
691,19910619,20240422,4,53.0451,8.7981,en,Bremen
701,19971119,20240422,7,53.5332,8.5761,erhaven,Bremen
704,20020716,20240422,11,53.4451,9.139,ervörde,Niedersachsen
714,20050502,20240422,46,52.3653,14.2474,Madlitz,Brandenburg
721,20021120,20240422,101,51.5171,12.4362,nwölkau-Brinnis,Sachsen
722,19971015,20210930,1135,51.7986,10.6183,ken,Sachsen-Anhalt
723,20020717,20240422,290,50.1841,7.24,,Rheinland-Pfalz
731,20071106,20240422,130,49.1127,8.6372,hsal-Heidelsheim,Baden-Württemberg
735,20050306,20240422,53,52.1692,12.7333,k-Gömnigk,Brandenburg
753,20021025,20240422,305,50.87,11.5022,a,Thüringen
755,20040323,20240422,340,49.5182,9.3213,"en, Kr. Neckar-Odenwald",Baden-Württemberg
757,20030325,20240422,445,47.9625,7.9983,enbach,Baden-Württemberg
760,20171123,20240422,83,53.3629,9.9435,ngarten-Klecken,Niedersachsen
775,20021201,20240422,100,51.9997,10.6327,rwieck-Rimbeck,Sachsen-Anhalt
789,20020317,20240422,263,49.6063,9.8834,hard,Bayern
791,20051206,20240422,5,54.6328,8.937,elum,Schleswig-Holstein
796,20040824,20240422,412,50.7556,8.1257,ach-Würgendorf,Nordrhein-Westfalen
797,20050621,20240422,39,52.3241,11.8339,-Blumenthal,Sachsen-Anhalt
801,20011128,20240422,331,49.4549,10.3241,bernheim,Bayern
808,20051220,20240422,413,48.187,12.8098,"ing, Kr. Altötting-Niederholz",Bayern
812,20021120,20240422,278,50.1429,11.2322,kunstadt,Bayern
815,20060920,20240422,162,51.5426,11.6947,ebiet Mansfelder Land-Dederstedt,Sachsen-Anhalt
817,20040926,20240422,296,51.0306,8.8146,wald-Bottendorf,Hessen
837,20020604,20240422,244,50.2863,8.2949,"erg, Bad",Hessen
839,20101123,20240422,27,53.7575,10.9288,ow,Mecklenburg-Vorpommern
840,19911106,20240422,895,50.4313,12.6114,sfeld,Sachsen
848,20080616,20240422,38,52.6146,10.0726,e (Stadt),Niedersachsen
850,20080813,20150630,45,52.5959,10.0296,e,Niedersachsen
853,19911106,20240422,416,50.7913,12.872,nitz,Sachsen
856,20030501,20240422,551,47.8843,12.5404,ming,Bayern
857,20041013,20240422,535,47.8665,12.395,msee-Herrenchiemsee,Bayern
860,20230828,20240422,80,52.2731,10.0163,rmissen-Groß Lobke,Niedersachsen
867,19920214,20240422,344,50.3066,10.9679,ertal-Oberlauter,Bayern
871,20050606,20240422,87,51.9618,7.1585,feld,Nordrhein-Westfalen
874,20050509,20240422,52,52.2994,11.6733,itz,Sachsen-Anhalt
880,19911031,20240422,69,51.7759,14.3168,bus,Brandenburg
885,20040928,20240422,450,49.8449,11.616,ßen-Bühl,Bayern
891,19990428,20240422,5,53.8713,8.706,aven,Niedersachsen
896,20030610,20240422,170,51.0778,10.8619,wig,Thüringen
902,20060618,20240422,573,50.4115,6.5615,em-Schmidtheim,Nordrhein-Westfalen
917,20040712,20240422,162,49.8809,8.6779,stadt,Hessen
931,20041018,20240422,712,47.8007,9.4108,enhausertal-Azenweiler,Baden-Württemberg
934,20040815,20240422,88,51.7835,8.5658,rück,Nordrhein-Westfalen
942,20020925,20240422,308,50.122,6.599,born,Rheinland-Pfalz
953,19970730,20240422,481,49.7619,7.0542,elbach,Rheinland-Pfalz
961,20020710,20240422,258,51.4743,9.0039,elstadt-Rhoden,Hessen
962,20020919,20240422,326,50.8018,11.1692,tilm-Dienstedt,Thüringen
963,19960613,20240422,38,52.5881,8.3424,holz,Niedersachsen
966,20051129,20240422,65,52.7522,10.8831,dorf,Sachsen-Anhalt
970,20011128,20240422,405,49.4158,10.6734,enhofen,Bayern
974,20060711,20240422,440,51.5307,11.0457,arz-Dietersdorf,Sachsen-Anhalt
978,20041117,20240422,155,50.3574,8.0485,heim bei Diez,Rheinland-Pfalz
983,20061003,20240422,419,48.5562,10.56,ingen/Donau-Fristingen,Bayern
985,20051109,20240422,492,49.0504,10.2892,elsbühl-Oberwinstetten,Bayern
988,20050718,20240422,27,52.6746,8.1137,lage,Niedersachsen
989,20041130,20240422,46,51.5765,6.7849,laken,Nordrhein-Westfalen
991,20040912,20240422,359,50.9116,13.7087,oldiswalde-Reinberg,Sachsen
1001,19911106,20240422,97,51.6451,13.5747,rlug-Kirchhain,Brandenburg
1014,20050124,20240422,2,53.2289,7.2191,art-Kanalpolder,Niedersachsen
1024,20060606,20240422,37,51.1157,6.851,agen-Zons,Nordrhein-Westfalen
1030,20050220,20240422,3,53.646,7.4302,um,Niedersachsen
1039,20040818,20240422,317,51.5263,9.7978,sfeld-Ossenfeld,Niedersachsen
1046,20040815,20240422,72,51.7585,7.7528,steinfurt,Nordrhein-Westfalen
1048,19911119,20240422,228,51.1278,13.7543,den-Klotzsche,Sachsen
1050,20050809,20240422,112,51.0221,13.847,den-Hosterwitz,Sachsen
1051,20070122,20240422,119,51.0249,13.775,den-Strehlen,Sachsen
1052,20030316,20240422,80,52.2174,12.1641,ern-Drewitz,Sachsen-Anhalt
1055,20040727,20240422,482,50.6316,8.1813,dorf,Hessen
1056,20051113,20240422,2,53.7118,9.3791,htersen,Niedersachsen
1067,20040503,20240422,95,51.9265,12.3852,n,Sachsen-Anhalt
1072,20040505,20240422,107,49.4719,8.1929,"heim, Bad",Rheinland-Pfalz
1078,19920911,20240422,37,51.296,6.7686,eldorf,Nordrhein-Westfalen
1089,20060605,20240422,197,48.5017,7.9943,ach-Ebersweier,Baden-Württemberg
1093,20130731,20240421,131,49.4593,8.9595,bach,Baden-Württemberg
1103,20060822,20240422,592,48.1003,11.9872,sberg-Halbing,Bayern
1107,20041006,20240422,346,49.852,10.4991,ch,Bayern
1130,20090528,20240422,18,54.6282,9.3649,bek,Schleswig-Holstein
1161,20041129,20240422,385,48.8778,11.2349,stätt-Landershofen,Bayern
1166,20030318,20240422,107,51.4603,12.6687,nburg,Sachsen
1170,20070607,20240422,267,51.8873,9.728,n-Vorwohle,Niedersachsen
1176,20041027,20240422,976,47.9634,8.2693,nbach,Baden-Württemberg
1197,20020829,20240422,463,48.9895,10.1312,angen-Rindelbach,Baden-Württemberg
1200,20051124,20240422,3,54.0691,9.0105,rsbüttel,Schleswig-Holstein
1207,20051221,20240422,558,50.2705,12.2742,"er, Bad-Sohl",Sachsen
1214,20030706,20240422,431,48.2012,8.1088,ch-Fisnacht,Baden-Württemberg
1216,20041222,20240422,312,49.4251,9.243,al-Rittersbach,Baden-Württemberg
1223,20050811,20240422,16,52.5983,6.9449,e-Großringe,Niedersachsen
1224,20021029,20240422,201,48.1378,7.8351,ndingen-Mundingen,Baden-Württemberg
1237,20020909,20240422,507,48.089,12.5073,erting-Spreit,Bayern
1241,20061025,20240422,128,52.15,8.5226,r,Nordrhein-Westfalen
1246,20150701,20240422,104,51.8418,8.0607,gerloh-Ostenfelde,Nordrhein-Westfalen
1255,20020626,20240422,226,49.1661,8.8483,ngen-Elsenz,Baden-Württemberg
1262,19920519,20240422,446,48.3477,11.8134,hen-Flughafen,Bayern
1266,20030911,20240422,18,54.2992,9.3162,e,Schleswig-Holstein
1270,19911104,20240422,316,50.9829,10.9608,rt-Weimar,Thüringen
1278,20071029,20240422,163,52.2449,10.7182,lingen-Destedt,Niedersachsen
1279,20060503,20240422,268,49.6497,11.0075,endorf-Kleinseebach,Bayern
1282,20091214,20240422,565,50.3043,12.3834,ach-Eubabrunn,Sachsen
1290,20050912,20240422,716,48.1868,8.4672,bronn-Mariazell,Baden-Württemberg
1297,20040406,20240422,156,51.2041,10.0138,wege,Hessen
1300,20020912,20240422,351,51.254,8.1565,he,Nordrhein-Westfalen
1303,19940503,20240422,150,51.4041,6.9677,n-Bredeney,Nordrhein-Westfalen
1304,20060319,20240422,48,52.3345,8.3877,"n-Brockhausen, Bad",Niedersachsen
1320,20021104,20240422,137,51.261,11.1754,eben,Thüringen
1327,20040707,20240422,147,50.7119,6.7905,erswist-Lommersum,Nordrhein-Westfalen
1332,20041208,20240422,471,48.4832,12.7241,"enberg,Kr.Rottal-Inn",Bayern
1336,20040728,20240422,67,52.8568,9.6756,"ingbostel, Bad",Niedersachsen
1346,19951026,20240422,1486,47.8748,8.0038,berg/Schwarzwald,Baden-Württemberg
1350,20070611,20240422,48,52.0997,13.0016,entreu,Brandenburg
1357,20041201,20240422,655,49.9807,11.8376,telberg/Oberfranken-Hüttstadl,Bayern
1358,19911111,20240422,1213,50.4283,12.9536,telberg,Sachsen
1392,20100308,20240422,621,49.7316,12.3489,senbürg,Bayern
1411,20061119,20240422,747,50.5309,10.0479,/Rhön,Thüringen
1420,19930304,20240422,100,50.0259,8.5213,kfurt/Main,Hessen
1424,20080623,20240422,121,50.1269,8.6694,kfurt/Main-Westend,Hessen
1435,20020725,20240422,768,50.5921,10.8575,nau-Frauenwald,Thüringen
1441,20150325,20240422,416,50.9263,13.2711,berg,Sachsen
1443,19940426,20240422,237,48.0232,7.8343,burg,Baden-Württemberg
1451,20030515,20240422,2,53.8277,9.2493,burg/Elbe,Niedersachsen
1458,20030225,20240422,492,49.5747,11.8859,hung-Großschönbrunn,Bayern
1468,19910101,20240422,797,48.4538,8.409,denstadt,Baden-Württemberg
1473,20051109,20190301,414,49.1869,11.308,stadt-Michelbach,Bayern
1495,20040825,20240422,52,53.5389,11.7607,enbow,Mecklenburg-Vorpommern
1497,20040914,20240422,74,53.0238,13.7088,drichswalde,Brandenburg
1503,20120901,20240422,6,53.0643,7.902,soythe-Altenoythe,Niedersachsen
1526,20040913,20240422,245,50.5668,9.6532,a-Horas,Hessen
1544,19911101,20240422,47,52.5129,11.3942,elegen,Sachsen-Anhalt
1550,19910101,20240422,719,47.483,11.0621,isch-Partenkirchen,Bayern
1561,20040914,20240422,414,50.4034,9.2076,rn-Schönhausen,Hessen
1573,20050922,20240422,281,50.7133,9.9539,a,Thüringen
1578,20020122,20240422,376,48.6894,11.6353,enfeld-Engelbrechtsmünster,Bayern
1580,19970101,20240422,111,49.9859,7.9548,enheim,Hessen
1584,20090423,20240422,673,47.9242,8.6474,ingen,Baden-Württemberg
1587,20031210,20240422,536,48.9481,11.4289,elsee,Bayern
1590,20021022,20240422,37,51.4942,6.2463,ern-Walbeck,Nordrhein-Westfalen
1595,20120907,20240422,91,51.5762,7.0652,enkirchen-Buer,Nordrhein-Westfalen
1598,20051003,20240422,328,50.248,7.7456,bachheim,Rheinland-Pfalz
1602,20030319,20240422,177,48.433,7.993,bach,Baden-Württemberg
1605,19911105,20240422,35,52.3875,12.1602,hin,Sachsen-Anhalt
1607,20020203,20240422,344,49.1934,11.0267,gensgmünd,Bayern
1612,19911106,20240422,311,50.8812,12.1289,-Leumnitz,Thüringen
1639,19961014,20240422,203,50.6017,8.6439,en/Wettenberg,Hessen
1645,20020819,20240422,327,50.9656,9.05,erberg-Moischeid,Hessen
1650,20020613,20240422,250,49.4648,7.4111,chtal,Rheinland-Pfalz
1669,20060917,20240422,43,53.808,12.9607,entin-Wolkwitz,Mecklenburg-Vorpommern
1684,19911101,20240422,239,51.1621,14.9506,itz,Sachsen
1689,20021009,20240422,441,49.7656,11.3062,einstein,Bayern
1691,19931109,20240422,167,51.5002,9.9507,ingen,Niedersachsen
1694,19911106,20240422,59,53.6058,12.1034,berg,Mecklenburg-Vorpommern
1711,20060101,20240422,437,47.7344,8.7932,madingen,Baden-Württemberg
1717,20050712,20240422,28,53.2651,11.5042,ow (Kläranlage Fahlenkamp),Mecklenburg-Vorpommern
1721,20060821,20240422,506,49.664,11.2239,enberg-Kasberg,Bayern
1735,20041212,20240422,628,48.7894,13.629,net-Rehberg,Bayern
1736,20011101,20240422,26,53.5731,10.6797,bek,Schleswig-Holstein
1744,20040928,20240422,139,51.5718,14.4763,mberg-Graustein,Brandenburg
1750,20020722,20240422,190,51.4511,9.4138,enstein,Hessen
1757,19911031,20240422,2,54.0967,13.4056,fswald,Mecklenburg-Vorpommern
1759,20001025,20240422,12,54.2437,13.9102,fswalder Oie,Mecklenburg-Vorpommern
1766,19950704,20240422,48,52.1344,7.6969,ter/Osnabrück,Nordrhein-Westfalen
1769,20040825,20240422,23,53.8312,11.1713,esmühlen,Mecklenburg-Vorpommern
1770,20060831,20240422,38,52.4233,11.966,erhütte-Grieben,Sachsen-Anhalt
1792,20051114,20240422,27,52.7553,7.4815,Berßen,Niedersachsen
1793,20060627,20240422,104,51.8806,11.465,lingen-Groß Börnecke,Sachsen-Anhalt
1801,20030702,20240422,31,52.4169,12.8006,Kreutz-Krielow,Brandenburg
1803,20040727,20240422,35,54.0714,12.3238,Lüsewitz,Mecklenburg-Vorpommern
1810,20140604,20240422,55,52.9094,13.5371,rfheide-Groß Schönebeck,Brandenburg
1813,20061212,20240422,17,54.4032,9.7654,Wittensee,Schleswig-Holstein
1814,20020523,20240422,87,49.9052,8.4459,-Gerau-Wallerstädten,Hessen
1827,20061210,20240422,3,54.3726,11.0828,enbrode,Schleswig-Holstein
1832,19980225,20240422,1436,49.1129,13.1338,er Arber,Bayern
1844,20061120,20240422,517,47.9411,11.9004,kirchen-Westerham-Lenzmühle,Bayern
1847,20080225,20240422,92,51.2743,12.0517,enfels-Wengelsdorf,Sachsen-Anhalt
1848,20060908,20240422,118,51.309,12.1718,ranstädt-Großlehna,Sachsen
1863,20071007,20240422,258,50.2667,9.1854,dau-Breitenborn,Hessen
1869,19911031,20240422,56,53.3154,13.9339,ow,Brandenburg
1870,20020522,20240422,160,49.5665,8.178,stadt,Rheinland-Pfalz
1886,20011206,20240422,444,48.4878,10.2608,burg,Bayern
1888,20041208,20240422,10,53.8119,12.114,m,Mecklenburg-Vorpommern
1937,20050110,20240422,525,48.3705,8.7666,erloch-Weildorf,Baden-Württemberg
1964,20050308,20240309,328,49.9445,6.3821,orf,Rheinland-Pfalz
1975,19950828,20240422,11,53.6332,9.9881,urg-Fuhlsbüttel,Hamburg
1981,20050214,20240422,4,53.4776,9.8957,urg-Neuwiedenthal,Hamburg
2011,20041212,20240422,50,52.3965,9.6629,over-Herrenhausen,Niedersachsen
2012,20100518,20240422,57,52.3671,9.819,over-Kirchrode,Niedersachsen
2014,19920429,20240422,55,52.4644,9.6779,over,Niedersachsen
2023,20021113,20240422,501,48.7918,10.7062,urg,Bayern
2027,20060418,20240422,63,51.9753,8.2094,ewinkel,Nordrhein-Westfalen
2039,20061017,20240422,203,51.9002,10.5699,"burg, Bad",Niedersachsen
2044,19910114,20240422,404,51.652,11.1366,gerode,Sachsen-Anhalt
2050,20060903,20240422,218,48.2766,8.0841,ach im Kinzigtal,Baden-Württemberg
2064,20041122,20240422,449,49.184,10.8243,dorf-Obererlbach,Bayern
2066,20020506,20240422,257,50.7384,9.6607,etal-Wehrda,Hessen
2074,20030629,20240422,518,48.3752,8.98,ingen,Baden-Württemberg
2088,20030423,20050512,522,48.6849,10.142,enheim/Brenz,Baden-Württemberg
2109,20020908,20240422,446,50.0664,9.3458,richsthal,Bayern
2110,20021023,20240422,57,51.0411,6.1042,sberg-Schleiden,Nordrhein-Westfalen
2115,19961219,20240422,4,54.175,7.892,oland,Schleswig-Holstein
2152,20040628,20240422,380,51.0425,10.1468,eshausen-Archfeld,Hessen
2159,20050613,20240422,434,48.5915,8.8541,enberg,Baden-Württemberg
2170,20080319,20240422,526,50.1499,6.5527,enseifen,Rheinland-Pfalz
2171,19941220,20240422,272,50.852,9.7377,"feld, Bad",Hessen
2174,20100922,20240422,236,51.6255,10.3695,berg,Niedersachsen
2175,20061017,20240422,336,51.689,10.3571,berg-Lonau,Niedersachsen
2184,20041207,20190726,340,51.2099,9.6914,isch Lichtenau-Fürstenhagen,Hessen
2201,20050531,20240422,1,54.575,13.1044,ensee-Vitte,Mecklenburg-Vorpommern
2211,20030707,20240422,295,50.737,7.6525,enroth,Rheinland-Pfalz
2213,20020917,20240422,407,50.3105,6.6236,endorf,Rheinland-Pfalz
2233,20021112,20240422,449,50.404,11.8193,chberg,Thüringen
2252,20050320,20240422,271,50.8992,14.7456,sdorf-Hörnitz,Sachsen
2254,20050501,20240422,46,52.2396,7.6449,tel-Riesenbeck,Nordrhein-Westfalen
2261,19980211,20240422,565,50.3123,11.876,,Bayern
2272,20091112,20240422,43,53.7784,11.5595,schow,Mecklenburg-Vorpommern
2274,20020910,20240422,518,50.092,12.2134,nberg/Eger,Bayern
2278,20040930,20240422,131,51.764,13.47,nbucko,Brandenburg
2290,19931209,20240422,977,47.8009,11.0108,npeißenberg,Bayern
2293,20030525,20240422,315,50.1918,8.0888,nstein-Breithardt,Hessen
2294,20011204,20240422,468,48.6572,12.0887,nthann,Bayern
2306,20050705,20240422,8,54.3194,10.6732,acht,Schleswig-Holstein
2319,20050428,20240422,685,47.8823,11.6961,kirchen,Bayern
2323,20060613,20240422,110,51.8529,9.4953,"rn, Kr. Holzminden",Niedersachsen
2329,20020514,20240422,255,50.2446,8.5725,"urg, Bad (Filterwerk)",Hessen
2331,20020612,20240422,235,49.3278,7.3533,urg/Saar,Saarland
2355,20050823,20240422,4,53.1228,8.4205,/Oldenburg,Niedersachsen
2362,20030708,20240422,328,50.5651,7.4843,erich,Rheinland-Pfalz
2372,20070205,20240422,605,50.5467,12.5707,zengrün-Hundshübel,Sachsen
2376,20051024,20240422,455,48.6549,13.5077,lberg-Tannöd,Bayern
2387,20020507,20240422,622,48.0443,10.7375,loe,Bayern
2388,20050203,20240419,193,48.0419,7.6322,ngen,Baden-Württemberg
2405,20030327,20240422,959,47.6078,10.202,nstadt-Reute,Bayern
2415,20030416,20240422,713,47.8177,11.8681,henberg-Kasthub,Bayern
2416,20020901,20240422,549,48.2022,12.0382,-Westach,Bayern
2429,20030703,20240422,20,53.9897,9.5697,hoe,Schleswig-Holstein
2431,20020912,20240422,367,50.1337,10.9317,rund-Herreth,Bayern
2438,20080207,20240422,41,53.4277,13.8167,rland-Karlstein,Brandenburg
2444,20040511,20240422,155,50.9251,11.583,(Sternwarte),Thüringen
2465,20011101,20240422,0,53.5083,9.7376,-Moorende,Niedersachsen
2473,20041019,20240422,76,50.9316,6.3431,ch (Kläranlage),Nordrhein-Westfalen
2480,20040715,20240422,108,50.0643,8.993,/Main,Bayern
2483,19950803,20240422,839,51.1803,8.4891,er Asten,Nordrhein-Westfalen
2485,20110410,20240422,489,48.917,9.6871,ersbach-Cronhütte,Baden-Württemberg
2486,20040613,20240422,271,49.4262,7.7557,erslautern,Rheinland-Pfalz
2497,20030604,20240422,505,50.5014,6.5264,-Sistig,Nordrhein-Westfalen
2518,20050928,20240422,34,54.0117,13.4999,Kiesow-Schlagtow,Mecklenburg-Vorpommern
2531,20030306,20240422,32,53.1724,11.7491,tädt/Prignitz,Brandenburg
2538,20020617,20240422,425,49.3658,11.6925,"l, Kreis Amberg-Sulzbach",Bayern
2541,20020723,20240422,452,50.5467,11.0317,hütte,Thüringen
2546,20060101,20240422,140,48.5576,7.88,-Odelshofen,Baden-Württemberg
2559,19920429,20240422,705,47.7233,10.3348,ten,Bayern
2562,20081219,20240422,428,51.334,10.529,edündorf-Keula,Thüringen
2564,20130423,20240422,28,54.3776,10.1424,-Holtenau,Schleswig-Holstein
2575,20060807,20240422,432,49.1804,9.98,hberg/Jagst-Herboldshausen,Baden-Württemberg
2577,20050824,20240422,34,52.6007,8.8522,"hdorf, Kreis Diepholz",Niedersachsen
2578,20030722,20240422,14,53.9995,11.4341,hdorf/Poel,Mecklenburg-Vorpommern
2595,20021010,20240422,181,49.789,7.4853,,Rheinland-Pfalz
2597,19950601,20240422,282,50.224,10.0792,"ingen, Bad",Bayern
2600,20041102,20240422,193,49.7363,10.1781,ingen,Bayern
2601,19921001,20240422,822,50.2218,8.4469,ner Feldberg/Taunus,Hessen
2618,20040810,20240422,732,50.8458,10.4803,ner Inselsberg,Thüringen
2625,20030316,20240422,39,52.739,12.4984,en,Brandenburg
2627,20030429,20240422,128,51.5554,13.8845,pkau-Klettwitz,Brandenburg
2629,20021022,20240422,46,51.7612,6.0954,e,Nordrhein-Westfalen
2638,19921105,20240422,974,48.1054,8.7548,peneck,Baden-Württemberg
2641,20040418,20240422,90,51.5185,12.9065,zschen bei Torgau,Sachsen
2662,20061017,20240422,59,52.5233,11.1261,te,Sachsen-Anhalt
2667,19931111,20240422,91,50.8645,7.1575,/Bonn,Nordrhein-Westfalen
2673,20070607,20240422,53,52.1331,11.7757,gsborn,Sachsen-Anhalt
2677,20060101,20240421,730,48.1413,8.4285,gsfeld/Schwarzwald,Baden-Württemberg
2680,20050405,20240422,289,50.284,10.4456,"gshofen, Bad",Bayern
2689,20040831,20240422,40,53.2279,9.6527,gsmoor,Niedersachsen
2700,20041024,20240422,416,48.8302,11.4872,hing,Bayern
2704,20030605,20240422,76,51.7511,12.0094,en (Anhalt),Sachsen-Anhalt
2708,20060606,20240422,742,47.6652,11.0805,"grub, Bad (Rosshof)",Bayern
2709,20021120,20240422,230,49.9164,10.2363,tzheim,Bayern
2712,19930812,20240422,428,47.6952,9.1307,tanz,Baden-Württemberg
2718,20020703,20240422,458,51.288,8.7928,ach-Rhena,Hessen
2733,20040907,20240422,46,52.7277,13.0121,men-Groß Ziethen,Brandenburg
2734,20051205,20240422,1,54.3237,9.0247,pel,Schleswig-Holstein
2740,20030416,20240422,897,47.6105,11.6462,th-Glashütte,Bayern
2749,20040513,20240422,52,54.0805,11.7425,dorf,Mecklenburg-Vorpommern
2750,20050731,20240422,310,50.2524,11.3209,ach,Bayern
2763,20051003,20240422,1,53.5039,7.1217,en-Leybuchtpolder,Niedersachsen
2779,20040920,20240422,59,53.1486,12.0851,ier,Brandenburg
2787,20041111,20240422,355,49.2428,9.6786,erzell-Rechbach,Baden-Württemberg
2792,20020821,20240418,494,48.3737,10.7605,orf/Schwaben-Biburg,Bayern
2794,19911101,20240422,40,52.9362,12.4093,tz,Brandenburg
2810,20061030,20240422,150,51.9446,8.7749,", Kreis Lippe-Hörste",Nordrhein-Westfalen
2812,19960828,20240422,156,48.3647,7.828,,Baden-Württemberg
2814,20020903,20240422,687,48.5122,9.7644,lingen,Baden-Württemberg
2822,20040831,20240422,26,53.6369,9.0979,tedt,Niedersachsen
2839,20061019,20240422,210,51.9262,10.3461,elsheim-Astfeld,Niedersachsen
2844,20070824,20240422,9,53.6956,8.6291,"en-Holßel, Kreis Cuxhaven",Niedersachsen
2850,20061009,20240422,778,48.1994,9.3327,enenslingen-Ittenhausen,Baden-Württemberg
2856,20030721,20240422,91,51.9173,13.0878,enlipsdorf,Brandenburg
2860,20020911,20240422,371,49.5076,10.7885,enzenn,Bayern
2878,19930121,20240422,117,51.3909,11.8786,"hstädt, Bad",Sachsen-Anhalt
2880,20050704,20240422,319,49.5522,9.6345,a-Königshofen-Heckfeld,Baden-Württemberg
2890,20060807,20240422,306,51.5957,10.463,"erberg,Bad-Bartolfelde",Niedersachsen
2900,20071017,20240422,208,49.709,8.6908,ertal/Odenwald-Reichenbach,Hessen
2907,19990201,20240422,7,54.7903,8.9514,,Schleswig-Holstein
2925,19911103,20240422,356,51.3932,10.3123,efelde,Thüringen
2928,19970205,20240422,138,51.3151,12.4462,zig-Holzhausen,Sachsen
2932,19911031,20240422,131,51.4347,12.2396,zig/Halle,Sachsen
2947,20060830,20240422,286,51.1333,8.0348,estadt-Theten,Nordrhein-Westfalen
2951,20030304,20240422,20,53.1007,11.4864,en/Elbe,Brandenburg
2953,20070221,20240422,854,47.8597,8.2308,kirch-Ruhbühl,Baden-Württemberg
2958,20040812,20240422,204,51.0265,14.9357,itz,Sachsen
2968,20081119,20240422,43,50.9894,6.9777,-Stammheim,Nordrhein-Westfalen
2985,19911101,20240422,321,50.9383,14.2094,tenhain-Mittelndorf,Sachsen
2988,20020626,20240422,162,51.4882,9.2493,enau-Haueda,Hessen
2992,20030811,20240422,495,50.5275,11.6605,tendorf,Thüringen
2997,20030507,20240422,50,51.9861,14.3044,erose,Brandenburg
2999,20040518,20240422,55,52.1211,7.8699,en-Kattenvenne,Nordrhein-Westfalen
3015,19921013,20240422,98,52.2085,14.118,enberg,Brandenburg
3024,20080319,20240421,485,50.094,7.5675,erhahn/Hunsrück,Rheinland-Pfalz
3028,19920805,20240422,157,51.7854,8.8388,"springe, Bad",Nordrhein-Westfalen
3031,20020919,20240422,92,51.6336,8.3945,stadt-Bökenförde,Nordrhein-Westfalen
3032,19951201,20240422,25,55.011,8.4125,auf Sylt,Schleswig-Holstein
3034,20061112,20240422,496,50.4505,11.635,"nstein, Bad",Thüringen
3042,20080422,20240422,230,50.5617,8.2386,berg-Obershausen,Hessen
3080,20021008,20240422,521,50.5131,11.3664,igsstadt-Lauenstein,Bayern
3081,20071026,20240422,65,52.3452,8.6477,lkamp-Isenstedt,Nordrhein-Westfalen
3083,20040929,20240422,57,51.9267,13.8797,en-Blumenfelde,Brandenburg
3086,19960701,20240422,15,53.8025,10.6989,ck-Blankensee,Schleswig-Holstein
3093,19930922,20240422,16,52.9724,11.1374,ow,Niedersachsen
3094,20060913,20240422,166,51.3122,14.0499,nz-Cunnersdorf,Sachsen
3098,19931222,20240419,387,51.2452,7.6425,nscheid,Nordrhein-Westfalen
3121,20020613,20240422,677,49.9113,12.5276,ing,Bayern
3126,19911101,20240422,79,52.1029,11.5827,eburg,Sachsen-Anhalt
3136,20011113,20240422,102,50.1294,8.8209,heim/Main,Hessen
3146,20040913,20240422,31,53.2141,11.3686,Göhren,Mecklenburg-Vorpommern
3147,20130723,20240422,390,48.7548,12.2118,ersdorf-Pfaffenberg-Oberlindhart,Bayern
3153,20020820,20240422,449,48.6189,12.6233,ing-Schneiderberg,Bayern
3155,20030611,20240422,415,50.1015,6.8009,erscheid-Sonnenhof,Rheinland-Pfalz
3158,19911031,20240422,12,52.5468,14.5453,chnow,Brandenburg
3164,20060607,20240422,187,50.8492,8.7745,"e, Kr. Marburg-Biedenkopf",Hessen
3166,19911101,20240422,639,50.6511,13.1469,enberg,Sachsen
3167,19990601,20240422,547,50.6621,7.9603,"enberg, Bad",Rheinland-Pfalz
3175,20060911,20240422,504,50.5219,12.8282,hau,Sachsen
3179,20011128,20240422,320,49.666,10.3851,t Bibart,Bayern
3181,20210726,20240422,360,49.4875,10.6277,t Erlbach-Hagenhofen,Bayern
3192,20041111,20240422,506,47.7046,13.0372,tschellenberg,Bayern
3196,19920616,20240422,81,53.3222,11.9321,itz,Mecklenburg-Vorpommern
3204,20080529,20240422,429,50.7335,10.8815,inroda,Thüringen
3205,20050622,20240422,33,52.6579,13.179,itz (Wasserwerk),Brandenburg
3207,20020910,20240422,328,50.1798,10.272,ach,Bayern
3215,20070502,20240422,375,51.1683,8.7125,bach-Berge,Nordrhein-Westfalen
3217,20060704,20240422,22,54.8373,9.1481,by,Schleswig-Holstein
3226,20060627,20240422,107,51.7259,11.5109,ersleben-Mehringen,Sachsen-Anhalt
3231,19911101,20240422,450,50.5611,10.3771,ingen,Thüringen
3234,20041020,20240422,158,51.1294,13.4328,phausen-Garsebach,Sachsen
3238,20110510,20240422,2,53.9497,13.9742,chow,Mecklenburg-Vorpommern
3244,20090719,20240422,614,47.9821,10.1384,ingen,Bayern
3247,20070320,20240422,559,48.0557,9.3185,en-Ennetach,Baden-Württemberg
3248,20070213,20240422,516,50.3904,11.1324,kenblick-Mengersgereuth-Hämmern,Thüringen
3263,20021028,20240422,171,49.4566,6.6266,ig,Saarland
3268,20131001,20240422,900,48.1694,8.9433,tetten-Appental,Baden-Württemberg
3271,20041012,20240422,314,48.8548,12.9189,en,Bayern
3278,20021024,20240422,354,48.5377,9.2734,ingen,Baden-Württemberg
3279,20020514,20240422,172,51.0452,12.2989,elwitz,Thüringen
3280,20030507,20240422,98,53.3083,12.2937,nburg,Brandenburg
3284,20050405,20240422,240,49.6692,9.0085,elstadt,Hessen
3287,19910101,20240422,453,49.7177,9.0997,elstadt-Vielbrunn,Hessen
3289,20040811,20240422,356,50.7281,11.7838,ieritz-Weltwitz,Thüringen
3297,20050608,20240422,64,53.2681,12.7221,mel,Mecklenburg-Vorpommern
3304,20070124,20240422,294,51.2327,10.7694,enbessingen,Thüringen
3308,20050615,20240422,74,53.1846,13.6545,enwalde/Uckermark,Brandenburg
3319,20060611,20240422,239,49.7644,9.253,bach,Bayern
3321,20050523,20240422,76,51.1313,6.3608,hengladbach-Hilderath,Nordrhein-Westfalen
3339,20060727,20240422,541,50.5202,6.2084,chau-Kalterherberg,Nordrhein-Westfalen
3340,20050330,20220329,265,50.4383,7.8061,abaur,Rheinland-Pfalz
3342,20050125,20240422,0,53.311,7.4329,merland-Neermoor,Niedersachsen
3348,20040420,20240422,241,51.7209,9.8351,ngen-Lutterbeck,Niedersachsen
3362,20060620,20240422,243,48.9721,8.8735,acker,Baden-Württemberg
3364,20020919,20240422,286,50.8681,10.8211,Gleichen-Mühlberg,Thüringen
3366,19890306,20240422,406,48.279,12.5024,dorf,Bayern
3376,20031218,20240422,63,52.5176,14.1232,heberg,Brandenburg
3379,19970710,20240422,515,48.1632,11.5429,hen-Stadt,Bayern
3402,20020903,20240422,755,48.3851,9.4837,ingen-Apfelstetten,Baden-Württemberg
3413,20020513,20240422,155,50.4522,8.7317,enberg-Gambach,Hessen
3418,20060101,20240422,594,48.2754,9.6355,gen-Kirchen,Baden-Württemberg
3426,20021217,20240422,127,51.566,14.7008,"au, Bad",Sachsen
3432,20060101,20240421,380,48.5675,8.7179,ld,Baden-Württemberg
3435,20011204,20240422,477,48.5235,11.8398,lstadt,Bayern
3438,20041024,20240422,401,48.8016,11.2181,enfels,Bayern
3440,20050807,20240422,531,48.7071,10.2997,heim-Fleinheim,Baden-Württemberg
3442,20040630,20240422,149,50.3574,8.7506,"eim, Bad",Hessen
3445,20040421,20240422,100,51.9245,12.8888,en (Elster)-Naundorf,Sachsen-Anhalt
3448,20060101,20240422,117,49.3945,8.8045,argemünd-Kleingemünd,Baden-Württemberg
3473,20040901,20240422,89,53.0528,12.7562,uppin-Gühlen Glienicke,Brandenburg
3485,20041121,20240422,487,48.3114,10.3773,urg/Kammel-Langenhaslach,Bayern
3490,20030706,20240422,111,50.5346,7.0853,"nahr, Bad-Ahrweiler",Rheinland-Pfalz
3491,20020618,20240422,734,50.441,11.2401,tztal-Neuenbau,Thüringen
3497,20030211,20240422,336,50.1226,11.5596,igschorgast,Bayern
3499,20060607,20240422,292,51.2915,7.853,nrade-Blintrop,Nordrhein-Westfalen
3509,20040824,20240422,78,53.102,13.0421,hlin-Menz,Brandenburg
3513,19911101,20240422,845,50.5003,11.1345,aus am Rennweg,Thüringen
3519,20050202,20240422,663,47.9519,8.9932,ausen ob Eck-Unterschwandorf,Baden-Württemberg
3527,20030522,20240422,500,50.8923,9.405,irchen-Hauptschwenda,Hessen
3540,20040817,20240422,195,50.8446,7.372,kirchen-Seelscheid-Krawinkel,Nordrhein-Westfalen
3545,20041130,20240422,236,49.344,7.2297,kirchen-Wellesweiler,Saarland
3558,20061115,20240421,41,52.5,9.4941,tadt am Rübenberge,Niedersachsen
3564,20041215,20240422,35,53.4571,11.5687,tadt-Glewe-Friedrichsmoor,Mecklenburg-Vorpommern
3571,20071127,20240422,452,49.8174,11.8638,tadt am Kulm-Filchendorf,Bayern
3584,20020925,20240422,365,49.8135,6.5857,l,Rheinland-Pfalz
3589,20020514,20240422,162,50.2741,8.8653,erau-Erbstadt,Hessen
3591,20030604,20240422,350,50.6743,6.424,ggen-Schmidt,Nordrhein-Westfalen
3607,20020902,20240422,416,48.6106,12.4143,hing,Bayern
3612,20070221,20240422,25,52.6711,9.2229,burg,Niedersachsen
3617,20030312,20240422,431,49.1658,12.2788,enau-Harting,Bayern
3621,20051108,20240422,435,48.8253,10.5067,lingen,Bayern
3625,20030123,20240422,403,49.5568,7.0716,elden-Gonnesweiler,Saarland
3631,19930914,20240422,12,53.7123,7.1519,erney,Niedersachsen
3650,20041110,20240422,214,51.763,10.0416,heim-Imbshausen,Niedersachsen
3660,19950401,20240422,485,50.3602,6.8697,urg-Barweiler,Rheinland-Pfalz
3667,20041122,20240422,369,49.4258,11.2539,berg-Netzstall,Bayern
3668,19950804,20240422,314,49.503,11.0549,berg,Bayern
3677,20040321,20240422,832,47.603,11.0607,ammergau,Bayern
3679,20061001,20240422,518,47.6187,12.1665,ersfelden-Gach,Bayern
3690,20060101,20240421,372,48.3862,8.1426,harmersbach,Baden-Württemberg
3700,20050830,20240422,472,50.2661,9.7727,leichtersbach-Modlos,Bayern
3714,20030506,20240422,896,47.5538,9.9406,reute,Bayern
3722,20041005,20240422,484,48.2443,11.5528,schleißheim,Bayern
3730,19940731,20240422,806,47.3984,10.2759,stdorf,Bayern
3734,20030925,20240422,232,49.128,9.3525,sulm-Willsbach,Baden-Württemberg
3739,20050109,20240421,596,49.4521,12.4365,viechtach,Bayern
3740,20080213,20240422,195,50.9933,13.9807,en/Sachsen,Sachsen
3761,19920701,20240422,276,49.207,9.5176,ngen,Baden-Württemberg
3791,19981001,20121001,11,53.1763,8.1824,nburg,Niedersachsen
3795,20041017,20240422,49,51.7066,7.3564,n,Nordrhein-Westfalen
3811,19911106,20240422,150,51.296,13.0928,atz,Sachsen
3820,20070919,20240422,58,52.3656,8.2011,rcappeln-Schwagstorf,Niedersachsen
3821,19911101,20240422,244,51.0872,11.9293,rfeld,Sachsen-Anhalt
3836,20060103,20240422,314,50.4538,10.2211,eim v.d. Rhön,Bayern
3844,20090624,20240422,305,51.9473,9.3998,nstein,Niedersachsen
3848,20050810,20240422,18,53.1403,9.1517,rsberg-Otterstedt,Niedersachsen
3849,20030625,20240422,667,47.9303,10.31,beuren,Bayern
3853,20040831,20240422,3,53.3819,8.4493,gönne,Niedersachsen
3857,20041117,20240422,886,47.6362,10.3892,ittelberg-Petersthal,Bayern
3875,20041014,20240422,549,49.151,11.6897,berg/Oberpfalz-Eglwang,Bayern
3897,20060728,20240422,2,54.0893,10.8773,erhaken,Schleswig-Holstein
3904,20040608,20240422,152,49.5354,6.3789,-Nennig,Saarland
3906,20031001,20240422,40,53.0952,11.8603,eberg,Brandenburg
3911,20020513,20240422,305,50.6175,9.725,rsberg-Marbach,Hessen
3913,20040518,20240422,43,52.3817,9.0176,rshagen,Nordrhein-Westfalen
3919,20020827,20240422,381,48.4252,12.9924,rkirchen,Bayern
3925,20050708,20240422,332,48.9329,8.6973,zheim-Ispringen,Baden-Württemberg
3927,20030730,20240422,630,47.9345,9.2869,lendorf,Baden-Württemberg
3939,20040606,20240422,382,49.1912,7.5879,asens,Rheinland-Pfalz
3945,20050119,20240422,66,53.4584,12.2417,am See,Mecklenburg-Vorpommern
3946,19911101,20240422,387,50.4818,12.13,en,Sachsen
3948,20020912,20240422,443,49.649,11.4685,h,Bayern
3960,20020827,20240422,323,48.3952,13.3139,ing,Bayern
3965,20071029,20240422,5,54.1034,13.1533,rholz-Neuendorf,Mecklenburg-Vorpommern
3967,20050217,20240422,70,52.1836,14.5748,itz,Brandenburg
3969,20080319,20240422,235,50.3049,7.31,"h, Kr. Mayen-Koblenz",Rheinland-Pfalz
3972,20011127,20240422,510,48.9343,10.7586,ingen-Döckingen,Bayern
3975,20041123,20240422,522,49.4777,11.5357,elsbrunn-Mittelburg,Bayern
3987,19920816,20240422,81,52.3812,13.0622,dam,Brandenburg
3999,20020613,20240422,597,49.7844,12.0331,sath-Mühlberg,Bayern
4016,20020911,20240422,283,49.8526,10.1006,selsheim-Seligenstadt,Bayern
4017,20020919,20240422,386,50.1807,6.3509,-Watzerath,Rheinland-Pfalz
4023,20100302,20240422,270,51.2006,14.0207,nitz,Sachsen
4024,19911101,20240422,40,54.3643,13.4771,us,Mecklenburg-Vorpommern
4032,20061102,20240422,142,51.7953,11.132,linburg,Sachsen-Anhalt
4036,20070116,20240422,204,51.3895,11.5412,furt-Mühle Lodersleben,Sachsen-Anhalt
4039,20030512,20240422,11,53.7331,9.8776,kborn,Schleswig-Holstein
4052,20071016,20240422,94,51.7557,12.5104,erg-Radis,Sachsen-Anhalt
4057,20200906,20240422,394,50.4933,10.7847,cher,Thüringen
4063,20021021,20240422,41,52.4461,8.5906,en-Kleinendorf,Nordrhein-Westfalen
4065,20020429,20240422,462,48.6192,11.0059,am Lech-Wallerdorf,Bayern
4078,20051004,20240422,18,53.2428,8.2236,ede,Niedersachsen
4080,20050608,20240422,10,53.7409,13.7906,ebur,Mecklenburg-Vorpommern
4090,20020516,20240422,89,50.0056,8.4291,heim,Hessen
4094,20030716,20240422,441,47.8062,9.6206,"garten, Kr. Ravensburg",Baden-Württemberg
4101,20040525,20240422,16,53.3469,11.1992,fin,Mecklenburg-Vorpommern
4104,19940315,20240422,365,49.0425,12.1019,nsburg,Bayern
4109,20020616,20240422,586,50.2214,12.0275,u,Bayern
4112,20061115,20240422,60,52.4396,9.1335,urg-Loccum,Niedersachsen
4127,20041212,20240422,347,50.9906,7.6958,hshof-Eckenhagen,Nordrhein-Westfalen
4132,20020526,20240422,115,51.4841,9.6121,hardshagen-Vaake,Hessen
4134,20020505,20240422,172,49.8366,8.8806,erg-Habitzheim,Hessen
4135,20070508,20240422,336,51.4248,10.1898,holterode,Thüringen
4150,20051106,20240422,59,51.8118,7.0907,n,Nordrhein-Westfalen
4159,20020904,20240422,523,48.8104,10.936,ersheim-Blossenau,Bayern
4160,20020717,20240422,478,48.7425,8.924,ingen-Ihinger Hof,Baden-Württemberg
4169,20021022,20240422,131,48.6703,7.9939,nau-Memprechtshofen,Baden-Württemberg
4175,20030409,20240422,283,47.559,7.7721,nfelden,Baden-Württemberg
4177,20081028,20240422,116,48.9726,8.3301,nstetten,Baden-Württemberg
4185,20021219,20240422,363,48.9555,11.728,enburg,Bayern
4189,20030805,20240422,534,48.1479,9.4596,"eim, Kreis Biberach",Baden-Württemberg
4211,20060101,20240421,493,48.4245,8.3303,"oldsau, Bad",Baden-Württemberg
4219,20021014,20240422,512,50.3965,6.8568,er,Rheinland-Pfalz
4224,20030312,20240422,388,49.2412,12.4125,ng-Neubäu,Bayern
4230,20020505,20240422,137,49.9832,8.8395,rmark-Ober-Roden,Hessen
4248,20020129,20240422,402,49.3082,10.9183,/Mittelfranken-Dechendorf,Bayern
4271,19911113,20240422,5,54.1803,12.0808,ock-Warnemünde,Mecklenburg-Vorpommern
4275,20041110,20240422,32,53.1289,9.3398,nburg (Wümme),Niedersachsen
4280,20131211,20240422,386,49.2162,11.1035,,Bayern
4282,20040531,20240422,24,53.5954,13.8121,emühl,Mecklenburg-Vorpommern
4287,20041005,20240422,415,49.3849,10.1732,enburg ob der Tauber,Bayern
4288,20051003,20240422,96,52.1038,8.1809,"enfelde, Bad",Niedersachsen
4294,20041025,20240422,360,48.4704,8.9687,enburg-Kiebingen,Baden-Württemberg
4300,20021118,20240422,589,48.1815,8.6356,weil,Baden-Württemberg
4301,20040830,20240422,102,49.8502,7.871,"znach, Bad",Rheinland-Pfalz
4308,20020515,20240422,403,50.0517,7.8876,sheim-Presberg,Hessen
4310,20020522,20240422,105,49.1609,8.3009,heim,Rheinland-Pfalz
4313,20040623,20240422,370,51.4966,8.4342,en,Nordrhein-Westfalen
4315,20050803,20240422,914,48.5615,8.2228,rsbronn-Ruhestein,Baden-Württemberg
4323,20050208,20240422,461,49.6468,7.8837,ertsecken,Rheinland-Pfalz
4336,19960620,20240422,319,49.2128,7.1077,brücken-Ensheim,Saarland
4347,20020103,20020116,293,51.5909,10.5691,"sa, Bad",Niedersachsen
4349,20040310,20240422,251,48.9569,9.0711,senheim,Baden-Württemberg
4351,20060101,20240421,295,47.5582,7.9773,"ingen, Bad/ Rhein",Baden-Württemberg
4352,20070719,20240422,4,54.5159,13.5305,rd,Mecklenburg-Vorpommern
4354,20051129,20240422,457,48.7832,13.3146,enburg-Entschenreuth,Bayern
4368,20040816,20240422,93,51.7098,8.5796,kotten,Nordrhein-Westfalen
4371,19920603,20240422,135,52.1042,8.7521,"uflen, Bad",Nordrhein-Westfalen
4377,20050727,20240422,518,50.3518,10.0034,berg,Bayern
4387,20030325,20240422,805,49.0029,12.8237,t Englmar,Bayern
4393,19991201,20240422,5,54.3279,8.6031,t Peter-Ording,Schleswig-Holstein
4400,20040622,20240422,171,51.5439,8.1808,"endorf, Bad-Beusingsen",Nordrhein-Westfalen
4405,20060129,20240422,34,54.6854,9.6261,up,Schleswig-Holstein
4411,20011101,20240422,155,49.9195,8.9672,afheim-Schlierbach,Hessen
4412,20030203,20240422,95,52.198,11.4218,Börde-Schackensleben,Sachsen-Anhalt
4413,20021114,20240422,555,47.9767,11.4693,ftlarn-Kloster Schäftlarn,Bayern
4441,20011207,20240422,479,48.5025,11.4543,yern,Bayern
4445,19911112,20240422,609,51.7658,10.6533,igerode-Schierke,Sachsen-Anhalt
4464,19911031,20240422,501,50.5679,11.8041,eiz,Thüringen
4466,19910417,20240422,43,54.5275,9.5487,eswig,Schleswig-Holstein
4469,20060613,20240422,399,50.5071,10.762,eusingen,Thüringen
4480,20020930,20240422,232,50.3447,9.5533,üchtern-Herolz,Hessen
4488,20060615,20240422,443,51.2127,8.2672,allenberg-Sellinghausen,Nordrhein-Westfalen
4490,20020606,20240422,223,49.4149,6.836,elz-Hüttersdorf,Saarland
4493,20030225,20240422,417,49.4116,12.076,idgaden,Bayern
4494,20030312,20240422,455,49.2806,11.914,idmühlen,Bayern
4501,19920919,20240422,938,50.6545,10.7696,ücke,Thüringen
4508,20030714,20240422,649,50.2968,6.4194,eifelforsthaus,Rheinland-Pfalz
4546,20030324,20240422,684,49.5273,12.5705,nsee-Dietersdorf,Bayern
4548,20070424,20240422,608,50.1847,12.0791,nwald/Ofr.-Brunn,Bayern
4555,20060712,20240422,29,52.663,12.1812,llene,Sachsen-Anhalt
4559,20041213,20240422,398,49.1644,12.6175,rndorf-Knöbling,Bayern
4567,20011205,20240422,417,48.5532,11.2844,obenhausen,Bayern
4592,20050928,20240422,356,49.3278,12.0871,andorf,Bayern
4594,20051004,20240422,2,53.2338,8.5115,anewede-Neuenkirchen,Niedersachsen
4599,20041122,20240422,331,49.3425,11.1077,elstein-Kleinschwarzenlohe,Bayern
4600,20050616,20240422,12,52.9081,9.0452,arme,Niedersachsen
4601,20070722,20240422,28,52.6797,9.6524,l,Niedersachsen
4602,20081023,20240422,27,53.9385,10.6983,"artau,Bad -Groß Parin",Schleswig-Holstein
4605,20030619,20240422,277,50.6441,11.1936,arzburg,Thüringen
4617,20061004,20240422,1373,47.6705,11.8539,e Firstalm/Schlierseer Berge,Bayern
4618,20021212,20240422,30,52.747,11.9792,nberg-Krusemark-Schwarzholz,Sachsen-Anhalt
4625,19911101,20240422,59,53.6424,11.3871,erin,Mecklenburg-Vorpommern
4637,20080610,20240422,31,52.5404,13.1243,ken,Brandenburg
4642,19911031,20240422,21,52.8911,11.7297,ausen,Sachsen-Anhalt
4651,20041013,20240422,189,51.904,10.1885,en,Niedersachsen
4666,20050427,20240422,40,54.3444,10.4581,,Schleswig-Holstein
4683,20120307,20240422,48,52.516,7.6762,tenau,Niedersachsen
4703,20020901,20240422,581,48.0719,9.1943,aringen-Laiz,Baden-Württemberg
4704,20050117,20240422,508,47.5776,9.7404,arszell-Zeisertsweiler,Bayern
4706,20041209,20240422,358,48.2718,13.0273,ach/Inn,Bayern
4709,20111005,20240422,445,49.9996,7.5981,ern-Wahlbach,Rheinland-Pfalz
4710,20070321,20240422,718,48.6191,8.5247,ersfeld,Baden-Württemberg
4712,20060606,20240422,428,48.0821,8.0919,nswald-Obersimonswald,Baden-Württemberg
4741,20041019,20240422,152,51.14,7.093,ngen-Hohenscheid,Nordrhein-Westfalen
4745,19921027,20240422,75,52.9604,9.793,au,Niedersachsen
4748,20040621,20240422,185,51.3691,10.88,ershausen,Thüringen
4755,20020829,20240422,847,48.6819,13.7351,en,Bayern
4763,20030519,20240422,265,51.0607,9.9266,ra,Hessen
4790,20060131,20240422,98,52.2054,9.5668,nge,Niedersachsen
4803,20090810,20240422,1,53.4926,8.3768,adingen-Inte,Niedersachsen
4813,20200722,20240422,318,50.0806,11.0467,"felstein, Bad-Stublang",Bayern
4818,20020616,20240422,597,50.1531,11.7402,mbach-Querenbach,Bayern
4849,20050501,20240422,64,52.1173,7.3411,nfurt-Burgsteinfurt,Nordrhein-Westfalen
4850,20091125,20240422,779,47.7112,10.8758,ngaden-Lauterbach,Bayern
4857,20040727,20240422,2,53.5534,9.6097,elnkirchen-Hohenfelde,Niedersachsen
4878,20041004,20240422,504,51.6646,10.8811,harz am Brocken-Stiege,Sachsen-Anhalt
4881,20041108,20240422,533,47.8591,9.0152,kach,Baden-Württemberg
4883,20050823,20240422,19,52.7659,9.4046,kenfeld-Hedern,Niedersachsen
4887,19941202,20240422,734,48.6656,9.8648,ten,Baden-Württemberg
4911,19961024,20240422,351,48.8275,12.5597,ubing,Bayern
4912,20060606,20240422,81,52.5884,13.9289,usberg,Brandenburg
4920,20090818,20240422,4,53.4252,8.804,rstedt,Niedersachsen
4928,19980604,20240422,314,48.8281,9.2,tgart (Schnarrenberg),Baden-Württemberg
4931,19951002,20240422,371,48.6883,9.2235,tgart-Echterdingen,Baden-Württemberg
4946,20011213,20240422,500,48.5151,11.6545,eitenkirchen-Sünzhausen,Bayern
4958,20041201,20240422,333,50.2417,10.567,dorf an der Lederhecke,Bayern
4978,20020924,20240422,395,50.639,10.0228,/Rhön,Hessen
4982,20040709,20240422,528,50.6074,12.939,enberg,Sachsen
4984,20040916,20240422,48,53.2252,14.33,nreinkendorf,Brandenburg
4997,20041014,20240422,196,50.9771,12.3419,kenberg-Tegkwitz,Thüringen
5000,20020909,20240422,498,47.8526,12.8282,endorf,Bayern
5009,19911031,20240422,33,53.761,12.5574,row,Mecklenburg-Vorpommern
5014,20040511,20240422,7,53.2758,8.9857,swede-Hüttenbusch,Niedersachsen
5017,20050731,20240422,633,50.4002,11.3888,chnitz,Bayern
5023,20011126,20240422,416,49.0871,11.2236,mässing,Bayern
5029,19931110,20240422,387,49.4737,7.0385,ey,Saarland
5034,20040316,20240422,513,49.9842,11.4008,nau-Tannfeld,Bayern
5046,20080129,20240422,501,49.8576,12.3542,chenreuth-Lodermühl,Bayern
5057,20050627,20240422,28,54.1695,9.5559,e,Schleswig-Holstein
5058,20051109,20240422,56,53.6893,10.3657,nge,Schleswig-Holstein
5059,20041027,20240422,781,47.7279,7.9988,moos,Baden-Württemberg
5064,20041019,20240422,37,51.2897,6.4437,svorst,Nordrhein-Westfalen
5084,20061210,20240422,290,51.1594,10.2473,ichsfeld-Wendehausen,Thüringen
5086,20020626,20240422,133,51.5777,9.4337,delburg,Hessen
5097,20041122,20240422,10,54.0654,12.7655,sees,Mecklenburg-Vorpommern
5099,20080409,20240422,132,49.7326,6.6131,r-Zewen,Rheinland-Pfalz
5100,20001018,20240422,261,49.7479,6.6583,r-Petrisberg,Rheinland-Pfalz
5103,20100616,20240422,348,49.3544,7.7948,pstadt-Neuhof,Rheinland-Pfalz
5109,20131001,20240422,68,53.5998,13.3039,lenhagen,Mecklenburg-Vorpommern
5111,20051219,20240422,560,48.0311,12.5396,tberg,Bayern
5123,20021128,20240422,413,48.208,12.6296,ing,Bayern
5132,20050719,20240422,17,52.743,7.0754,t-Hebelermeer,Niedersachsen
5133,20040726,20240422,295,51.3344,8.9132,tetal-Mühlhausen,Hessen
5142,19920816,20240422,1,53.7445,14.0698,ermünde,Mecklenburg-Vorpommern
5146,20030714,20240422,50,52.9414,10.5289,en,Niedersachsen
5148,20060613,20240422,60,52.4588,10.1888,e,Niedersachsen
5149,20041005,20240422,318,49.5679,10.1969,hofen,Bayern
5158,19911105,20240422,159,52.1601,11.1759,ndorf,Sachsen-Anhalt
5161,20020828,20240422,573,48.5599,13.7495,rgriesbach-Glotzing,Bayern
5169,20030410,20240422,831,47.7674,10.4604,tisried,Bayern
5174,20060101,20240421,471,48.4951,9.4003,"h, Bad",Baden-Württemberg
5209,20040728,20240422,20,52.9586,9.2269,en-Dauelsen,Niedersachsen
5225,20020505,20240422,125,50.2135,8.7453,"el, Bad-Dortelweil",Hessen
5227,20040316,20240422,682,47.9692,10.9152,ertshofen-Pflugdorf,Bayern
5229,20030414,20240422,719,48.0453,8.4608,ingen-Schwenningen,Baden-Württemberg
5230,20020819,20240422,462,48.4527,12.3382,biburg,Bayern
5240,20020704,20240422,380,51.1598,8.8738,-Buchenberg,Hessen
5262,20030416,20240422,814,47.7564,11.6928,irchen-Demmelberg,Bayern
5263,20020527,20240422,203,51.067,9.3821,rn-Hebel,Hessen
5275,20030313,20240422,105,49.2445,8.5374,äusel-Kirrlach,Baden-Württemberg
5276,20021127,20240422,476,47.9237,12.7558,ng am See,Bayern
5279,20040601,20240422,167,51.6194,9.5749,rtal-Lippoldsberg,Hessen
5280,20070216,20240422,33,53.9224,10.2267,enborn,Schleswig-Holstein
5285,20030324,20240422,501,49.618,12.4895,haus-Pfrentsch,Bayern
5294,20050807,20240422,280,50.5121,8.1326,brunn-Lahr,Hessen
5297,20020704,20240422,300,51.2427,8.9718,eck-Alraft,Hessen
5300,20030525,20240422,380,50.2596,8.3607,ems-Reinborn,Hessen
5303,20020616,20240422,723,49.936,12.0935,ershof-Schafbruck,Bayern
5335,20060614,20240422,352,50.8963,10.5483,ershausen,Thüringen
5347,20060921,20240422,236,51.5039,9.1118,urg,Nordrhein-Westfalen
5349,19940323,20240422,73,53.5196,12.6654,n (Müritz),Mecklenburg-Vorpommern
5360,20070521,20240422,331,51.4319,8.2665,tein-Hirschberg,Nordrhein-Westfalen
5371,19961023,20240422,920,50.4973,9.9427,erkuppe,Hessen
5382,20060420,20240422,39,52.5883,9.7386,mark-Elze,Niedersachsen
5395,20060911,20240422,340,50.7676,11.981,h-Pöllnitz Neundorf,Thüringen
5397,19910704,20240422,440,49.6662,12.1844,en,Bayern
5401,20030325,20240422,424,49.2717,12.7451,"ing, Kreis Cham-Dalking",Bayern
5404,19970101,20240422,477,48.4024,11.6946,enstephan-Dürnast,Bayern
5405,20020417,20240422,474,49.3376,10.606,enzell-Grüb,Bayern
5416,20100721,20240422,183,50.4284,8.3806,münster,Hessen
5424,20070504,20240420,328,51.0177,11.3544,ar-Schöndorf,Thüringen
5426,19931027,20240422,553,49.3758,8.1212,biet,Rheinland-Pfalz
5433,20030514,20240422,380,49.5534,6.812,kirchen/Saar,Saarland
5435,20060101,20240421,455,48.8457,8.9073,sach,Baden-Württemberg
5440,19881014,20240422,439,49.0115,10.9308,enburg-Emetzheim,Bayern
5444,20020207,20240422,500,48.3091,10.2049,enhorn-Oberreichenbach,Bayern
5453,20050307,20240422,174,48.188,7.6976,weil-Waldeckhof,Baden-Württemberg
5470,20020426,20240422,459,48.3631,11.5635,enzhausen,Bayern
5480,20030910,20240422,85,51.5763,7.8879,,Nordrhein-Westfalen
5484,20021016,20240422,240,51.5835,10.709,ich-Werna,Thüringen
5490,19911031,20240422,233,51.8454,10.7686,igerode,Sachsen-Anhalt
5511,20050802,20240422,825,48.5206,9.6187,erheim,Baden-Württemberg
5513,20050713,20240422,92,52.2902,7.8687,erkappeln,Nordrhein-Westfalen
5516,19960531,20240422,3,54.5283,11.0606,arn,Schleswig-Holstein
5518,20050824,20240422,6,53.2504,7.935,erstede,Niedersachsen
5524,20020709,20240422,227,50.9087,8.6929,er/Hessen-Amönau,Hessen
5538,20041116,20240422,551,47.8827,11.1576,enbach (Demollstr.),Bayern
5541,20040711,20240422,263,50.1321,8.3169,baden-Auringen,Hessen
5542,20020515,20240422,90,50.0421,8.2331,baden-Biebrich,Hessen
5546,19911013,20240422,187,52.1206,12.4586,enburg,Brandenburg
5548,20020903,20240422,680,49.032,12.5505,enfelden-Utzenzell,Bayern
5555,20040901,20240422,43,52.2534,13.2361,ow,Brandenburg
5559,20060820,20240422,383,48.7848,8.5764,"bad, Bad-Calmbach",Baden-Württemberg
5562,20020908,20240422,571,48.6516,8.6801,ulach-Oberhaugstett,Baden-Württemberg
5616,20020924,20240422,426,50.2282,6.2071,erspelt,Rheinland-Pfalz
5619,20041019,20240422,360,51.1637,7.4234,erfürth-Gardeweg,Nordrhein-Westfalen
5629,19920416,20240422,105,51.8891,12.6446,enberg,Sachsen-Anhalt
5635,20020618,20240422,147,49.9617,6.9287,lich,Rheinland-Pfalz
5643,20040923,20240422,68,53.1864,12.4949,stock-Rote Mühle,Brandenburg
5646,20020506,20200930,220,51.3645,9.7491,enhausen-Ziegenhagen,Hessen
5664,20030324,20240422,296,48.2953,8.2391,ach,Baden-Württemberg
5684,20171023,20240422,40,52.2813,12.458,in,Brandenburg
5688,20181017,20240422,881,47.7004,8.1057,sberg-Wolpadingen,Baden-Württemberg
5692,20040505,20240422,88,49.6051,8.3659,s,Rheinland-Pfalz
5699,20040816,20240422,312,51.5427,8.7784,enberg-Eilern,Nordrhein-Westfalen
5705,19921026,20240422,268,49.7704,9.9576,burg,Bayern
5711,20060101,20240422,390,49.1295,9.4945,enrot-Oberheimbach,Baden-Württemberg
5717,20060705,20240422,134,51.2256,7.1052,ertal-Buchenhofen,Nordrhein-Westfalen
5721,20020819,20240422,474,48.3569,12.7679,annsquick-Egelsberg,Bayern
5724,20050614,20240422,690,47.9589,10.0139,an der Rot-Buch,Baden-Württemberg
5729,20050216,20240422,6,52.7606,14.2174,row,Brandenburg
5731,20030715,20240422,395,47.6783,8.3801,schingen-Ofteringen,Baden-Württemberg
5732,20050607,20240422,9,54.6928,8.5271,um/Föhr,Schleswig-Holstein
5733,20050313,20240422,20,51.697,6.3974,en,Nordrhein-Westfalen
5745,20040419,20240422,51,52.9664,13.3268,enick,Brandenburg
5750,20041130,20240422,264,51.0314,12.1495,z,Sachsen-Anhalt
5758,20020618,20200930,293,49.8709,6.7074,er (Forsthaus Mülchen),Rheinland-Pfalz
5762,20090119,20240422,83,53.0704,10.8831,ien,Niedersachsen
5763,20041019,20240422,141,51.238,11.8295,burg/Unstrut-Zeuchfeld,Sachsen-Anhalt
5767,20051114,20240422,28,53.2989,9.3351,lingen-Wiersdorf,Niedersachsen
5779,19911101,20240422,877,50.7313,13.7516,wald-Georgenfeld,Sachsen
5792,19940731,20240422,2956,47.421,10.9848,pitze,Bayern
5797,20051009,20240422,349,50.6879,12.4329,tentanne,Sachsen
5800,20060704,20240422,615,49.028,13.2385,sel,Bayern
5814,20060711,20240422,321,51.5504,11.403,feld-Annarode,Sachsen-Anhalt
5822,20040419,20240422,42,52.863,8.6989,um,Niedersachsen
5825,20030107,20240422,40,52.6198,12.7867,e,Brandenburg
5840,20060101,20240421,593,48.6663,8.4721,lösterle,Baden-Württemberg
5854,20050608,20240422,24,53.6557,13.5369,dland,Mecklenburg-Vorpommern
5856,19961230,20240422,476,48.5451,13.3532,tenzell,Bayern
5871,19981222,20240422,497,49.9463,7.2645,,Rheinland-Pfalz
5906,19930714,20240422,98,49.5063,8.5584,heim,Baden-Württemberg
5930,20070927,20240422,1,54.641,10.0238,nhagen (Ostseebad),Schleswig-Holstein
5941,20061204,20240422,686,47.6754,12.4698,im Winkl,Bayern
5943,20061207,20240422,462,50.8377,14.0719,nthal-Bielatal,Sachsen
5985,20180108,20240421,386,48.652,9.6232,", Bad (Kläranlage)",Baden-Württemberg
5986,20180523,20240421,329,48.745,8.7301,-Hirsau,Baden-Württemberg
5987,20180523,20240421,591,48.287,9.4996,ngen-Anhausen,Baden-Württemberg
5988,20180523,20240421,415,49.1638,9.9162,ofen,Baden-Württemberg
5989,20180523,20240421,262,49.3502,9.7871,ingen,Baden-Württemberg
5990,20180523,20240421,221,49.0137,9.3153,stenfeld,Baden-Württemberg
5991,20180523,20240421,234,48.4997,8.1376,nau Oberes Renchtal,Baden-Württemberg
5992,20180111,20240421,266,48.853,9.5365,rsberg-Michelau,Baden-Württemberg
5993,20180624,20240421,653,47.7595,9.7724,,Baden-Württemberg
5994,20180523,20240421,968,48.0277,8.2896,enbach,Baden-Württemberg
6093,20030327,20240422,62,53.2139,10.4704,isch Evern,Niedersachsen
6100,20020516,20240422,120,49.8626,8.2311,heim,Rheinland-Pfalz
6105,20030709,20240422,15,54.3194,9.8051,nfeld (Rendsburg),Schleswig-Holstein
6109,20040531,20240422,52,53.3837,14.3728,bow-Schwennenz,Mecklenburg-Vorpommern
6129,20040915,20240422,291,51.0594,14.4266,and/Spree,Sachsen
6157,20070821,20240422,4,53.6411,8.0809,erland-Hooksiel,Niedersachsen
6158,20040927,20240422,454,49.2249,10.6085,enbach-Weiherschneidbach,Bayern
6159,20081031,20240422,8,52.9542,7.3197,en,Niedersachsen
6161,20020829,20240422,311,48.7577,13.0134,rhofen-Thundorf,Bayern
6163,20061109,20240422,27,54.1654,10.3519,ick,Schleswig-Holstein
6170,20030311,20240422,39,52.0192,14.7254,hen,Brandenburg
6190,20041111,20240422,599,47.6392,13.0068,htesgaden,Bayern
6191,20030326,20240422,684,48.9023,13.1442,hberg/Niederbayern -Zell,Bayern
6195,20021008,20240422,305,49.956,11.0189,ßlitz-Köttensdorf,Bayern
6197,20060927,20240422,258,51.8664,9.271,e-Paenbruch,Nordrhein-Westfalen
6199,20040824,20240422,17,54.2484,13.0419,nhagen-Negast,Mecklenburg-Vorpommern
6200,20021120,20240422,262,50.0785,10.4887,gsberg/Bayern-Holzhausen,Bayern
6201,20021119,20240422,339,49.5334,10.1546,ershofen-Adelhofen,Bayern
6203,20040804,20240422,1088,47.6279,12.9015,au-Schwarzeck/Schmuck,Bayern
6215,20030326,20240422,689,49.2154,13.0662,Lambach,Bayern
6216,20020911,20240422,464,49.5321,12.2798,snitz-Reisach,Bayern
6217,20040719,20240422,190,49.2406,6.9351,brücken-Burbach,Saarland
6257,20060421,20240422,723,47.6279,11.5166,enau-Tannern,Bayern
6258,20020901,20240422,461,47.6845,9.4409,drichshafen-Unterraderach,Baden-Württemberg
6259,20020619,20240422,524,49.021,9.6033,erlach-Mannenweiler,Baden-Württemberg
6260,20020909,20240422,381,49.3328,9.704,lfingen-Stachenhausen,Baden-Württemberg
6262,20020618,20240422,412,48.7695,9.8737,äbisch Gmünd-Weiler,Baden-Württemberg
6263,20030728,20240422,445,47.7738,8.8219,en,Baden-Württemberg
6264,20021113,20240422,457,51.414,8.65,on-Thülen,Nordrhein-Westfalen
6265,20021211,20240422,36,52.3613,12.3867,erwitz,Brandenburg
6266,20030312,20240422,112,52.0304,10.9626,Pabstorf,Sachsen-Anhalt
6268,20020618,20240422,173,50.7577,11.5178,tädt-Kirchhasel-Niederkrossen,Thüringen
6269,20030303,20240422,731,50.3594,12.4836,genthal-Kamerun,Sachsen
6270,20021125,20240422,330,50.4099,10.4901,ild-Sülzdorf,Thüringen
6271,20021108,20240422,274,50.9771,12.0044,sen/Elster-Nickelsdorf,Thüringen
6272,20040810,20240422,284,50.8426,10.2518,"ungen, Bad-Gräfen-Nitzendorf",Thüringen
6273,20021016,20240422,36,52.5075,11.8551,er,Sachsen-Anhalt
6275,20030522,20240422,327,48.6705,9.4627,ingen,Baden-Württemberg
6303,20020603,20240422,584,51.2915,8.5981,ingen/Hochsauerland,Hessen
6305,20040901,20240422,193,51.2061,10.4978,hausen/Thüringen-Görmar,Thüringen
6310,20040613,20240422,1,54.1049,13.8239,shagen,Mecklenburg-Vorpommern
6313,20041018,20240422,440,51.2488,7.4672,kerfeld-Wengeberg,Nordrhein-Westfalen
6314,20050608,20240422,306,51.0507,13.3003,en,Sachsen
6336,20050926,20240422,288,50.0132,9.654,/Main-Halsbach,Bayern
6337,20040620,20240422,59,51.7663,7.5194,nghausen-Brochtrup,Nordrhein-Westfalen
6338,20041020,20240422,605,50.3618,11.6223,"en, Bad",Bayern
6344,20041019,20240422,168,50.394,8.1423,el-Ennerich,Hessen
6346,20041126,20240422,531,48.207,11.2035,ach-Galgen,Bayern
6347,20041006,20240422,305,50.0579,10.2972,nungen-Mainberg,Bayern
7075,20041024,20240422,429,48.702,11.8493,ndorf-Horneck,Bayern
7077,20040908,20240422,54,53.5255,13.0161,lin-Groß Lukow,Mecklenburg-Vorpommern
7078,20040913,20240422,33,53.5035,11.0014,w,Mecklenburg-Vorpommern
7079,20041012,20240422,14,53.0443,14.2423,holz-Meyenburg,Brandenburg
7104,20041111,20240422,220,49.6206,9.6036,gheim,Baden-Württemberg
7105,20050410,20240422,719,47.835,12.6548,sdorf-Höll,Bayern
7106,20060723,20240422,105,52.0714,8.4565,efeld-Deppendorf,Nordrhein-Westfalen
7138,20041124,20240422,686,48.2962,9.0701,adingen-Hausen,Baden-Württemberg
7187,20041104,20240422,194,49.7636,9.4063,denberg/Main-Boxtal,Baden-Württemberg
7224,20060101,20240417,570,47.9324,9.5512,hausen,Baden-Württemberg
7226,20060101,20240421,640,47.7777,9.887,"egg, Kr. Ravensburg",Baden-Württemberg
7227,20060101,20240421,280,49.6789,9.523,heim/Main-Tauber-Kreis,Baden-Württemberg
7230,20060101,20240421,170,49.3078,9.3606,mühl/Jagst,Baden-Württemberg
7233,20060101,20240421,415,49.257,10.0152,am See,Baden-Württemberg
7234,20060101,20240421,310,48.2934,8.3066,ltach/ Kinzig,Baden-Württemberg
7235,20060101,20240421,650,48.2109,8.7656,mberg-Stausee,Baden-Württemberg
7238,20060101,20240421,200,48.9243,8.9536,ingen/ Enz,Baden-Württemberg
7240,20060101,20240421,567,48.4692,8.6304,-Altheim,Baden-Württemberg
7241,20060101,20240421,470,48.8707,9.6442,heim (Kläranlage),Baden-Württemberg
7242,20060101,20240421,565,48.5682,9.6372,ensteig,Baden-Württemberg
7243,20060101,20240421,303,48.1372,8.0097,en,Baden-Württemberg
7285,20050510,20240422,68,52.4153,11.0758,sfelde-Weferlingen-Bösdorf,Sachsen-Anhalt
7298,20050517,20240422,4,54.5268,9.0425,stedt,Schleswig-Holstein
7319,20041025,20240422,435,48.7374,10.7393,uwörth-Osterweiler,Bayern
7321,20050705,20240422,160,51.1507,11.3321,rsleben,Thüringen
7322,20050809,20240422,716,47.7667,7.7205,burg-Marzell,Baden-Württemberg
7323,20051102,20240422,149,51.2359,12.5517,ershain,Sachsen
7326,20051201,20240422,135,51.1918,12.7645,ma-Kleinbothen,Sachsen
7327,20070322,20240422,323,50.8836,13.0425,kenberg-Altenhain,Sachsen
7328,20051117,20240422,219,50.8544,12.4216,tz,Thüringen
7329,20050908,20240422,465,50.5467,12.2863,en,Sachsen
7330,20050705,20240422,159,51.4633,7.978,berg-Neheim,Nordrhein-Westfalen
7331,20050807,20240422,467,48.6099,10.2674,aringen-Allewind,Baden-Württemberg
7333,20060502,20240422,727,50.5803,13.2966,enberg-Rübenau,Sachsen
7334,20060126,20240422,131,51.2651,13.3588,chstein-Heyda,Sachsen
7335,20051129,20240422,138,51.3658,13.5801,enhain-Strauch,Sachsen
7337,20070226,20240422,332,51.0577,14.6128,hennersdorf,Sachsen
7341,20050622,20240422,119,50.09,8.7862,nbach-Wetterpark,Hessen
7343,20060111,20240422,689,50.62,13.4817,schneudorf-Brüderwiese,Sachsen
7344,20060420,20240422,45,51.2992,6.2013,etal-Hülst,Nordrhein-Westfalen
7350,20060515,20240422,585,49.1088,12.8231,kenbach-Neuhäusl,Bayern
7351,20050908,20240422,115,53.3176,13.4175,berg/Mecklenburg,Mecklenburg-Vorpommern
7361,20060614,20240422,73,52.7363,10.344,rnhorst-Marwede,Niedersachsen
7364,20061207,20240422,74,51.6818,12.3053,itz,Sachsen-Anhalt
7367,20071108,20240422,144,51.9643,9.8072,ld,Niedersachsen
7368,20071004,20240422,312,51.0007,10.3621,nach,Thüringen
7369,20070926,20240422,475,49.1623,10.3661,htwangen-Heilbronn,Bayern
7370,20060727,20240422,499,49.391,12.6838,münchen,Bayern
7372,20060731,20240422,37,52.7321,11.7123,rburg (Altmark)-Ballerstedt,Sachsen-Anhalt
7373,20060116,20240422,3,53.5984,6.7024,um-Flugplatz,Niedersachsen
7374,20051206,20240422,46,52.0813,6.9409,s,Nordrhein-Westfalen
7375,20090923,20240422,411,49.645,7.5003,erg-Schönbornerhof,Rheinland-Pfalz
7378,20060606,20240422,101,51.0149,6.5173,urg-Weiler Hohenholz,Nordrhein-Westfalen
7380,20060101,20240421,233,48.9353,9.4009,nang/Murr,Baden-Württemberg
7382,20061024,20240422,666,47.7096,9.866,en/Allgäu-Schwaderberg,Baden-Württemberg
7389,20061011,20240422,83,52.7461,13.8427,elberg,Brandenburg
7393,20091216,20240422,116,51.4492,14.2533,rswerda,Sachsen
7394,20060601,20240422,622,50.0315,11.9745,iedel-Schönbrunn,Bayern
7395,20071109,20240422,351,48.6595,12.5388,frieding,Bayern
7396,20080401,20240422,740,50.5084,9.2246,rodskopf/Vogelsberg,Hessen
7403,20070226,20240422,672,47.7955,10.0325,kirch-Herlazhofen,Baden-Württemberg
7410,20101126,20240422,350,50.7513,9.0224,Ulrichstein,Hessen
7412,20060920,20240422,340,50.0083,9.4238,ütten/Spessart,Bayern
7418,20080415,20240422,323,50.802,12.6366,t Egidien-Kuhschnappel,Sachsen
7419,20060822,20240422,389,50.661,12.0756,enwetzendorf-Göttendorf,Thüringen
7420,20070204,20240422,246,51.1044,11.7112,burg/Saale-Kreipitzsch,Sachsen-Anhalt
7421,20061109,20240422,388,50.325,11.2395,tztal-Neuhaus-Schierschnitz,Thüringen
7423,20070220,20240422,163,51.3445,14.8387,ichen-Trebus,Sachsen
7424,20061019,20240422,457,47.7724,12.9073,ng,Bayern
7425,20060712,20240422,216,52.1384,9.1119,eln-Volksen,Niedersachsen
7427,20070807,20240422,17,54.0188,9.9255,nstedt (Pony-Park),Schleswig-Holstein
7428,20070322,20240422,397,50.4167,10.8156,sdorf,Thüringen
7429,20060101,20240422,336,49.4249,9.3316,ach,Baden-Württemberg
7430,20071003,20240422,258,50.0615,10.8129,weinsdorf-Treinfeld,Bayern
7431,20070911,20240422,604,48.013,11.5524,haching-Laufzorn,Bayern
7432,20070403,20240422,71,52.6423,10.6628,ingen-Vorhop,Niedersachsen
7434,20060101,20240421,351,48.8042,8.443,"enalb, Bad/Therme",Baden-Württemberg
7436,20060101,20240421,1025,48.1004,8.1973,nwald,Baden-Württemberg
7487,20061123,20240421,576,48.0272,9.486,"gau,Bad",Baden-Württemberg
7488,20061123,20240421,538,48.3846,8.4787,weiler-Wälde,Baden-Württemberg
7489,20061123,20240421,348,48.7448,9.6484,nbach,Baden-Württemberg
7490,20061123,20240421,170,49.0334,8.7121,"ten, Kreis Karlsruhe",Baden-Württemberg
7491,20061123,20240421,395,49.154,10.0632,lsheim/Jagst,Baden-Württemberg
7492,20061123,20240421,260,49.4844,10.019,lingen/Tauber,Baden-Württemberg
7493,20061123,20240421,304,48.6704,8.3534,ach,Baden-Württemberg
7494,20061123,20240421,160,48.9597,8.5905,"gsbach-Stein, Enzkreis",Baden-Württemberg
7495,20061123,20240421,226,49.3786,9.6307,theim,Baden-Württemberg
7497,20061123,20240421,651,48.1872,8.3667,enbronn,Baden-Württemberg
7498,20061123,20240421,249,49.058,8.9124,rfeld (Emetsklinge),Baden-Württemberg
7500,20061210,20240422,82,52.0223,12.1597,witz bei Zerbst,Sachsen-Anhalt
13654,20070612,20240422,285,51.0063,13.471,druff-Mohorn,Sachsen
13669,20070723,20240422,55,52.0087,7.8519,evern-Schirlheide,Nordrhein-Westfalen
13670,20070504,20240422,24,51.5088,6.7018,burg-Baerl,Nordrhein-Westfalen
13671,20071107,20240422,221,50.9655,7.2753,ath-Böke,Nordrhein-Westfalen
13674,20070711,20240422,237,49.2943,8.9053,stadt,Baden-Württemberg
13675,20071010,20240422,75,52.0818,9.4077,ln-Hastenbeck,Niedersachsen
13687,20071009,20240422,18,53.9005,9.8308,elbrook,Schleswig-Holstein
13688,20080205,20240422,129,51.1692,12.2617,u,Sachsen
13696,20071023,20240422,60,51.5966,7.4048,rop-Abdinghof,Nordrhein-Westfalen
13698,20071120,20240422,504,48.8767,10.2413,hheim (Berghof),Baden-Württemberg
13699,20080211,20240422,66,52.3666,10.1265,te-Sievershausen,Niedersachsen
13700,20080325,20240422,203,51.3329,7.3412,lsberg-Oberbröking,Nordrhein-Westfalen
13710,20080310,20240422,490,48.5734,12.2576,shut-Reithof,Bayern
13711,20071023,20240422,289,50.682,11.515,pa-Rockendorf,Thüringen
13712,20080814,20240422,44,52.1488,13.8359,hehofe,Brandenburg
13713,20071008,20240422,386,51.0899,7.6289,erzhagen-Redlendorf,Nordrhein-Westfalen
13715,20080212,20240422,604,48.1003,9.8058,rach an der Riß-Bergerhausen,Baden-Württemberg
13716,20080722,20240422,816,47.819,8.5774,berg-Randen,Baden-Württemberg
13774,20080506,20240422,328,50.8138,12.2985,mitschau-Mannichswalde,Sachsen
13777,20080518,20240422,109,52.2467,10.9592,stedt-Emmerstedt,Niedersachsen
13965,20081029,20240422,619,48.2639,8.8134,ngen-Bronnhaupten,Baden-Württemberg
14139,20091029,20240422,610,49.8967,7.5869,npfuhl,Rheinland-Pfalz
14157,20091026,20240422,168,49.5686,8.7013,enau,Hessen
15000,20110311,20240422,231,50.7983,6.0244,en-Orsbach,Nordrhein-Westfalen
15003,20110316,20240422,19,53.8753,13.2101,arsow,Mecklenburg-Vorpommern
15011,20130731,20240421,375,49.0472,9.9084,ertann,Baden-Württemberg
15012,20130731,20240421,196,49.2094,9.1034,"enau, Bad (Kläranlage)",Baden-Württemberg
15013,20130731,20240421,119,48.8946,8.3379,ch/Baden,Baden-Württemberg
15014,20130731,20240421,918,47.9761,8.1751,see-Neustadt-Waldau,Baden-Württemberg
15015,20130731,20240421,509,48.9271,9.7973,wend-Frickenhofen,Baden-Württemberg
15016,20120906,20240421,280,48.6137,9.2947,artailfingen,Baden-Württemberg
15170,20130801,20240421,718,47.9725,8.4157,ueschingen-Wolterdingen,Baden-Württemberg
15207,20131101,20240422,317,51.2835,9.359,uenburg-Elgershausen,Hessen
15444,20140814,20240422,593,48.4418,9.9216,Mähringen,Baden-Württemberg
15478,20150113,20240422,515,48.2095,10.0654,enheim,Baden-Württemberg
15490,20161117,20240422,298,50.8053,8.3382,enburg-Eibelshausen,Hessen
15512,20160823,20240422,65,53.0859,10.1611,ingen-Ehlbeck,Niedersachsen
15514,20171005,20240422,106,49.3767,8.6177,elberg-Kurpfalzhof,Baden-Württemberg
15527,20200915,20240421,309,50.7231,12.0684,nleuben,Thüringen
15528,20200905,20240422,422,51.3332,10.8671,en,Thüringen
15529,20200910,20240422,258,50.7564,10.3168,tungen,Thüringen
15555,20160427,20240422,815,47.8761,10.5849,beuren-Oberbeuren,Bayern
15810,20180226,20240422,567,47.9261,9.5926,ndorf-Blönried,Baden-Württemberg
15813,20210707,20240422,40,52.5126,7.4131,en-Baccum,Niedersachsen
17444,20231231,20240422,40,52.432,13.245,in-Zehlendorf-Düppel,Berlin
17445,20231231,20240422,37,52.408,13.266,in-Schönow,Berlin
17446,20231231,20240422,33,52.404,13.14,in-Hubertusbrücke,Berlin
17447,20231231,20240422,35,52.421,13.165,in-Colonie Alsen,Berlin
17448,20231231,20240422,43,52.389,13.402,in-Lichtenrade (Lockestr.),Berlin
17449,20231231,20240422,35,52.494,13.328,in-Wilmersdorf,Berlin
17450,20231231,20240422,41,52.48,13.261,in-Grunewald,Berlin
17451,20231231,20240422,34,52.521,13.286,in-Charlottenburg (Mollwitzstr.),Berlin
17452,20231231,20240422,34,52.542,13.337,in-Wedding,Berlin
17453,20231231,20240422,34,52.539,13.23,in-Haselhorst,Berlin
17454,20231231,20240422,33,52.557,13.199,in-Hakenfelde,Berlin
17455,20231231,20240422,31,52.489,13.181,in-Gatow,Berlin
17456,20231231,20240422,33,52.532,13.141,in-Staaken,Berlin
17457,20231231,20240422,39,52.566,13.347,in-Reinickendorf,Berlin
17458,20231231,20240422,39,52.629,13.266,in-Frohnau (Bifröstweg),Berlin
17459,20231231,20240422,34,52.602,13.237,in-Heiligensee,Berlin
17460,20231231,20240422,35,52.484,13.442,in-Neukölln,Berlin
17461,20231231,20240422,34,52.469,13.466,in-Köllnische Heide,Berlin
17462,20231231,20240422,34,52.452,13.458,in-Britz,Berlin
17463,20231231,20240421,36,52.428,13.491,in-Rudow (Stubenrauchstr.),Berlin
17464,20231231,20240422,35,52.442,13.504,in-Johannisthal (Winckelmannstr.),Berlin
17465,20231231,20240421,35,52.416,13.577,in-Grünau,Berlin
17466,20231231,20240422,35,52.377,13.642,in-Schmöckwitz/Dahme,Berlin
17467,20231231,20240422,36,52.444,13.583,in-Köpenick/Spree,Berlin
17468,20231231,20240422,36,52.45,13.62,in-Friedrichshagen-Hirschgarten,Berlin
17469,20231231,20240422,35,52.414,13.671,in-Köpenick-Müggelheim,Berlin
17470,20231231,20240422,36,52.498,13.488,in-Rummelsburg,Berlin
17471,20231231,20240422,37,52.502,13.554,in-Biesdorf,Berlin
17472,20231231,20240422,34,52.463,13.512,in-Oberschöneweide,Berlin
17473,20231231,20240422,35,52.51,13.427,in-Friedrichshain/Spree,Berlin
17474,20231231,20240422,47,52.545,13.439,in-Pankow-Prenzlauer Berg,Berlin
17475,20231231,20240422,41,52.553,13.384,in-Gesundbrunnen,Berlin
17476,20231231,20240422,50,52.545,13.537,in-Marzahn-Bürknersfelde,Berlin
17477,20231231,20240422,51,52.567,13.491,in-Lichtenberg-Malchow,Berlin
17478,20231231,20240422,56,52.545,13.493,in-Hohenschönhausen,Berlin
17479,20231231,20240422,49,52.612,13.453,in-Karow,Berlin
17480,20231231,20240422,37,52.429,13.718,in-Hessenwinkel,Berlin
17481,20231231,20240422,43,52.413,13.376,in-Marienfelde (Grillostr.),Berlin
17482,20231231,20240422,36,52.504,13.547,in/Biesdorfer Baggersee,Berlin
17483,20231231,20240422,36,52.535,13.375,in-Mitte/Südpanke,Berlin
17484,20231231,20240421,37,52.58,13.308,in-Borsigwalde,Berlin
17485,20231231,20240422,40,52.44,13.327,in-Lichterfelde,Berlin
17486,20231231,20240422,33,52.52,13.202,in-Wilhelmstadt,Berlin
17487,20231231,20240422,36,52.497,13.398,in-Kreuzberg,Berlin
17488,20231231,20240422,36,52.611,13.316,in-Waidmannslust,Berlin
17489,20231231,20240421,46,52.578,13.436,in-Heinersdorf,Berlin
17490,20231231,20240422,44,52.589,13.381,in-Pankow-Rosenthal,Berlin
17491,20231231,20240422,53,52.617,13.384,in-Blankenfelde,Berlin
19130,20200906,20240422,353,50.7917,11.6614,elshain-Trockenborn,Thüringen
19131,20200909,20240422,408,50.7036,11.0181,inau-Angstedt,Thüringen
19133,20200906,20240422,224,51.3708,10.8475,ershausen/Kyffhäuserkreis,Thüringen
19134,20200906,20240422,210,50.9614,10.0714,tungen/Werra,Thüringen
19135,20200925,20240422,191,51.5061,10.7714,hausen-Salza,Thüringen
19137,20200906,20240422,155,51.145,11.2075,ndorf bei Sömmerda,Thüringen
19138,20200906,20240422,358,50.6683,11.9778,enroda/Greiz,Thüringen
19140,20200929,20240422,278,50.9657,10.6988,a,Thüringen
19171,20200820,20240422,13,54.0039,9.8555,nkrug-Hardebek,Schleswig-Holstein
19172,20200820,20240422,48,54.0246,9.388,en,Schleswig-Holstein
19207,20230330,20240422,16,53.8178,12.0645,ow-Prüzen,Mecklenburg-Vorpommern
19299,20210322,20240422,463,49.8713,11.7883,chersdorf,Bayern
19897,20231231,20240422,37,52.504,13.455,in-Friedrichshain-Nord,Berlin
19898,20231231,20240422,39,52.497,13.282,in-Halensee,Berlin
